remove,,map,linechart,units,source key,Aug-15,Sep-15,Oct-15,Nov-15,Dec-15,Jan-16,Feb-16,Mar-16,Apr-16,May-16,Jun-16,Jul-16,Aug-16,Sep-16,Oct-16,Nov-16,Dec-16,Jan-17,Feb-17,Mar-17,Apr-17,May-17,Jun-17,Jul-17,Aug-17,Sep-17,Oct-17,Nov-17,Dec-17,Jan-18,Feb-18,Mar-18,Apr-18,May-18,Jun-18,Jul-18,Aug-18,Sep-18,Oct-18,Nov-18,Dec-18,Jan-19,Feb-19,Mar-19,Apr-19,May-19,Jun-19,Jul-19,Aug-19,Sep-19,Oct-19,Nov-19,Dec-19,Jan-20,Feb-20,Mar-20,Apr-20,May-20,Jun-20,Jul-20,Aug-20,Sep-20,Oct-20,Nov-20,Dec-20,Jan-21,Feb-21,Mar-21,Apr-21,May-21,Jun-21,Jul-21,Aug-21,Sep-21,Oct-21,Nov-21,Dec-21,Jan-22,Feb-22,Mar-22,Apr-22,May-22,Jun-22,Jul-22,Aug-22,Sep-22,Oct-22,Nov-22,Dec-22,Jan-23,Feb-23,Mar-23,Apr-23,May-23,Jun-23,Jul-23,Aug-23,Sep-23,Oct-23,Nov-23,Dec-23,Jan-24,Feb-24,Mar-24,Apr-24,May-24,Jun-24,Jul-24,Aug-24,Sep-24,Oct-24,Nov-24,Dec-24
3b. Non-OPEC Petroleum and Other Liquids Production,3b. Non-OPEC Petroleum and Other Liquids Production,0,0,,,,,,,,,,,,,,,,,,,,,,,,,,,,,,,,,,,,,,,,,,,,,,,,,,,,,,,,,,,,,,,,,,,,,,,,,,,,,,,,,,,,,,,,,,,,,,,,,,,,,,,,,,,,,,,,,,,
North America,North America Petroleum Production,1,1,million barrels per day,T3B_PAPR_R01,22.58,22.15,22.25,22.52,22.5,22.4,22.09,22.22,21.66,21.2,21.32,21.94,21.86,21.63,21.98,22.5,22,22.2,22.63,22.58,22.07,22.43,22.49,22.81,22.89,22.56,23.32,24.23,24.01,23.78,24.35,24.73,24.5,24.65,24.8,25.4,26.35,25.91,26.12,26.58,26.67,26.09,26.05,26.38,26.77,26.64,26.84,26.41,27.11,27.17,27.46,28.03,28.2,28.13,27.86,27.9,25.44,22.87,24.53,25.36,24.83,25.29,25.07,26.22,26.04,26.13,23.52,26.2,26.2,26.54,26.68,26.77,26.51,25.96,27.34,27.76,27.46,26.64,26.72,27.65,27.44,27.35,27.79,28.14,28.07,28.46,28.7,28.81,27.91,28.33,28.41,28.94,28.86,28.78,28.87,29.08,29.2,29.03,29.16,29.57,29.57,29.39,29.45,29.59,29.46,29.38,29.47,29.68,29.75,29.58,29.69,30.1,30.18
Canada,Canada Petroleum Production,1,1,million barrels per day,PAPR_CA,4.74,4.28,4.4,4.67,4.76,4.8,4.72,4.64,4.3,3.66,3.96,4.59,4.73,4.73,4.79,5.12,4.9,5.09,5.11,4.88,4.47,4.62,4.67,4.95,5.1,4.92,4.94,5.27,5.35,5.2,5.36,5.4,5.03,5.18,5.11,5.33,5.61,5.19,5.51,5.6,5.63,5.37,5.39,5.47,5.52,5.34,5.48,5.48,5.5,5.36,5.43,5.62,5.77,5.57,5.69,5.6,4.97,4.71,4.98,4.94,4.84,4.97,5.26,5.58,5.73,5.72,5.51,5.62,5.24,5.33,5.52,5.65,5.47,5.34,5.7,5.77,5.56,5.49,5.73,5.76,5.6,5.41,5.53,5.73,5.75,5.68,5.81,5.92,6.01,5.99,6.01,5.99,5.76,5.66,5.75,5.97,5.98,5.84,6.03,6.17,6.24,6.21,6.23,6.2,5.97,5.86,5.95,6.17,6.18,6.05,6.23,6.37,6.44
Mexico,Mexico Petroleum Production,1,1,million barrels per day,PAPR_MX,2.61,2.61,2.62,2.6,2.6,2.6,2.53,2.53,2.5,2.5,2.52,2.5,2.48,2.43,2.41,2.39,2.35,2.34,2.34,2.34,2.32,2.33,2.32,2.29,2.21,2.01,2.18,2.13,2.13,2.2,2.16,2.12,2.16,2.12,2.1,2.1,2.07,2.08,2,1.93,1.92,1.86,1.94,1.93,1.91,1.9,1.9,1.9,1.93,1.95,1.9,1.94,1.95,1.99,1.99,2.01,2,1.91,1.9,1.88,1.92,1.92,1.89,1.89,1.91,1.9,1.93,1.95,1.95,1.95,1.94,1.93,1.86,1.9,1.91,1.93,1.93,1.93,1.91,1.9,1.88,1.89,1.9,1.9,1.9,1.9,1.9,1.91,1.9,1.9,1.93,1.94,1.94,1.95,1.96,1.96,1.95,1.96,1.94,1.94,1.95,1.95,1.97,1.97,1.96,1.96,1.95,1.94,1.93,1.93,1.9,1.88,1.88
United States,United States Petroleum Production,1,1,million barrels per day,PAPR_US,15.23,15.26,15.23,15.25,15.14,15,14.84,15.05,14.87,15.04,14.83,14.86,14.66,14.47,14.78,15,14.75,14.78,15.18,15.36,15.27,15.48,15.5,15.57,15.58,15.63,16.19,16.83,16.53,16.38,16.83,17.21,17.31,17.34,17.58,17.97,18.67,18.65,18.62,19.05,19.11,18.87,18.72,18.97,19.34,19.4,19.46,19.04,19.69,19.86,20.13,20.47,20.48,20.57,20.18,20.29,18.48,16.25,17.65,18.54,18.07,18.39,17.93,18.75,18.4,18.51,16.08,18.63,19.01,19.26,19.21,19.19,19.18,18.72,19.72,20.05,19.97,19.23,19.08,19.99,19.96,20.04,20.35,20.52,20.42,20.88,20.99,20.98,19.99,20.43,20.46,21.01,21.16,21.17,21.16,21.16,21.26,21.22,21.19,21.46,21.38,21.23,21.25,21.43,21.54,21.57,21.57,21.57,21.64,21.61,21.56,21.85,21.86
Central and South America,Central and South America Petroleum Production,1,1,million barrels per day,T3B_PAPR_R02,6.33,6.1,6.24,5.82,5.76,5.28,5.24,5.21,5.74,6.1,6.01,6.16,6.13,6.25,6.02,5.89,5.64,5.5,5.48,5.35,5.63,5.99,6.18,6.26,6.13,6.32,6.12,5.83,5.6,5.44,5.36,5.47,5.97,6.18,6.36,6.41,6.2,6.15,6.06,5.85,5.71,5.48,5.33,5.48,5.9,6.4,6.34,6.6,6.95,6.85,6.73,6.49,6.12,6.13,5.95,5.98,5.84,5.9,6.42,6.68,6.69,6.56,6.31,5.86,5.53,5.66,5.58,5.67,6.07,6.4,6.39,6.72,6.67,6.68,6.07,5.83,5.48,5.85,5.79,5.85,6.22,6.54,6.47,6.82,6.9,6.86,6.9,6.55,6.28,6.26,6.3,6.17,6.63,7.08,7.2,7.35,7.21,7.27,7.12,6.89,6.63,6.47,6.48,6.44,6.83,7.29,7.41,7.6,7.5,7.59,7.47,7.26,7.03
Argentina,Argentina Petroleum Production,1,1,million barrels per day,PAPR_AR,0.72,0.71,0.72,0.72,0.69,0.69,0.7,0.69,0.71,0.7,0.7,0.71,0.72,0.73,0.72,0.72,0.68,0.69,0.68,0.67,0.66,0.69,0.68,0.69,0.67,0.69,0.71,0.71,0.7,0.7,0.69,0.69,0.7,0.72,0.72,0.71,0.69,0.71,0.7,0.73,0.69,0.69,0.68,0.72,0.74,0.74,0.72,0.71,0.75,0.75,0.73,0.73,0.73,0.7,0.72,0.72,0.61,0.61,0.63,0.66,0.65,0.66,0.63,0.64,0.64,0.65,0.63,0.66,0.66,0.71,0.7,0.73,0.72,0.73,0.73,0.74,0.75,0.77,0.77,0.76,0.78,0.78,0.79,0.78,0.78,0.79,0.83,0.82,0.82,0.85,0.85,0.85,0.86,0.87,0.88,0.87,0.88,0.89,0.93,0.92,0.9,0.9,0.88,0.9,0.92,0.92,0.93,0.93,0.93,0.95,0.98,0.97,0.95
Brazil,Brazil Petroleum Production,1,1,million barrels per day,PAPR_BR,3.66,3.39,3.51,3.11,3.07,2.64,2.6,2.6,3.11,3.48,3.43,3.62,3.58,3.66,3.45,3.33,3.13,2.97,2.95,2.9,3.14,3.48,3.66,3.73,3.6,3.82,3.58,3.29,3.06,2.92,2.92,2.96,3.44,3.63,3.82,3.88,3.7,3.62,3.54,3.3,3.19,2.95,2.79,2.93,3.33,3.81,3.77,4.05,4.35,4.24,4.22,3.89,3.53,3.53,3.32,3.4,3.76,3.77,4.11,4.31,4.32,4.19,3.94,3.45,3.12,3.23,3.18,3.26,3.7,3.99,3.99,4.25,4.2,4.19,3.6,3.43,3.23,3.38,3.27,3.34,3.58,3.9,3.88,4.17,4.17,4.1,4.09,3.77,3.48,3.42,3.44,3.4,3.76,4.21,4.31,4.48,4.36,4.38,4.18,3.95,3.68,3.55,3.57,3.53,3.89,4.36,4.46,4.64,4.51,4.54,4.33,4.08,3.81
Colombia,Colombia Petroleum Production,1,1,million barrels per day,PAPR_CO,1,1.04,1.03,1.02,1.03,1.01,0.98,0.95,0.94,0.93,0.92,0.87,0.86,0.89,0.88,0.88,0.87,0.89,0.89,0.83,0.88,0.88,0.88,0.88,0.88,0.88,0.89,0.88,0.9,0.89,0.85,0.88,0.89,0.89,0.89,0.89,0.89,0.9,0.91,0.91,0.92,0.93,0.92,0.91,0.92,0.92,0.92,0.9,0.91,0.91,0.91,0.91,0.91,0.91,0.91,0.88,0.82,0.76,0.76,0.76,0.77,0.78,0.78,0.79,0.79,0.77,0.77,0.77,0.77,0.73,0.72,0.76,0.78,0.77,0.77,0.78,0.77,0.77,0.77,0.77,0.77,0.77,0.78,0.78,0.78,0.78,0.79,0.78,0.78,0.78,0.78,0.78,0.78,0.78,0.78,0.78,0.78,0.78,0.79,0.81,0.82,0.77,0.77,0.77,0.77,0.77,0.78,0.78,0.78,0.78,0.78,0.8,0.81
Ecuador,Ecuador Petroleum Production,1,1,million barrels per day,PAPR_EC,0.54,0.54,0.54,0.54,0.54,0.54,0.54,0.55,0.56,0.56,0.55,0.55,0.55,0.56,0.56,0.55,0.55,0.54,0.54,0.53,0.53,0.54,0.54,0.54,0.54,0.53,0.53,0.52,0.52,0.52,0.52,0.52,0.52,0.52,0.52,0.53,0.53,0.52,0.52,0.52,0.52,0.53,0.54,0.53,0.53,0.53,0.53,0.54,0.55,0.55,0.47,0.55,0.54,0.54,0.54,0.54,0.21,0.34,0.52,0.52,0.52,0.51,0.51,0.51,0.51,0.51,0.5,0.51,0.5,0.5,0.5,0.5,0.49,0.49,0.48,0.49,0.25,0.46,0.48,0.5,0.5,0.5,0.41,0.47,0.49,0.49,0.5,0.49,0.49,0.5,0.5,0.44,0.5,0.5,0.51,0.51,0.51,0.51,0.51,0.52,0.52,0.55,0.55,0.54,0.54,0.54,0.54,0.54,0.54,0.54,0.54,0.54,0.53
Guyana,Guyana Petroleum Production,1,1,million barrels per day,PAPR_GY,0,0,0,0,0,0,0,0,0,0,0,0,0,0,0,0,0,0,0,0,0,0,0,0,0,0,0,0,0,0,0,0,0,0,0,0,0,0,0,0,0,0,0,0,0,0,0,0,0,0,0,0,0.01,0.06,0.07,0.07,0.07,0.08,0.05,0.05,0.07,0.06,0.1,0.1,0.11,0.12,0.12,0.12,0.09,0.1,0.11,0.12,0.12,0.13,0.12,0.04,0.12,0.1,0.14,0.14,0.23,0.23,0.25,0.28,0.34,0.34,0.34,0.34,0.35,0.35,0.35,0.35,0.35,0.35,0.35,0.35,0.35,0.36,0.36,0.36,0.36,0.36,0.36,0.36,0.36,0.36,0.36,0.4,0.43,0.47,0.51,0.54,0.58
Europe,Europe Petroleum Production,1,1,million barrels per day,T3B_PAPR_R03,4.09,4.09,4.32,4.37,4.42,4.36,4.35,4.31,4.27,4.2,3.95,4.35,4.05,3.71,4.2,4.43,4.33,4.27,4.3,4.37,4.3,4.14,4.04,4.17,3.99,3.93,4.17,4.12,3.92,4.36,4.25,4.16,4.26,3.96,4.08,4.22,4.01,3.78,4.2,4.23,4.24,4.15,4.16,4.14,4.06,3.91,3.64,3.97,3.78,3.84,4.01,4.28,4.34,4.34,4.47,4.3,4.43,4.27,4.13,4.3,4.09,3.85,4.08,4.18,4.42,4.36,4.28,4.36,3.98,3.81,3.7,4.07,4.18,4.12,4.16,4.02,4.16,4.03,4.1,4.01,3.93,3.82,3.53,3.93,3.83,3.66,3.88,3.98,3.96,4.03,4.24,4.33,4.39,4.39,4.4,4.44,4.34,4.22,4.52,4.52,4.52,4.52,4.56,4.55,4.53,4.42,4.42,4.45,4.37,4.27,4.59,4.63,4.66
Norway,Norway Petroleum Production,1,1,million barrels per day,PAPR_NO,1.93,1.87,2.03,1.99,2.05,2.04,2.07,2.01,2.04,1.97,1.82,2.14,1.94,1.62,2.12,2.16,2.07,2.04,2.07,2.13,2.12,1.99,1.89,2.01,1.93,1.78,1.94,1.87,1.94,2.03,1.95,1.91,1.88,1.66,1.85,1.92,1.88,1.62,1.86,1.88,1.86,1.83,1.75,1.76,1.73,1.59,1.4,1.72,1.67,1.58,1.8,1.99,2.08,1.98,2.11,2.06,2.1,2.04,1.86,2.07,2.03,1.78,1.88,2.04,2.13,2.13,2.11,2.1,2,1.85,1.85,2.04,2.1,2.04,2.07,1.98,2.1,1.97,2,1.95,1.87,1.81,1.55,1.88,2.01,1.84,1.98,1.98,2.01,1.98,2.2,2.29,2.36,2.34,2.34,2.44,2.44,2.17,2.44,2.44,2.43,2.45,2.48,2.48,2.47,2.37,2.37,2.48,2.49,2.26,2.54,2.58,2.61
United Kingdom,United Kingdom Petroleum Production,1,1,million barrels per day,PAPR_UK,0.89,0.96,1.02,1.1,1.11,1.13,1.15,1.12,1.12,1.13,1.02,1.12,0.96,0.95,0.9,1.09,1.1,1.11,1.1,1.1,1.06,1.09,1.09,1.07,0.95,1.01,1.1,1.12,0.86,1.18,1.16,1.12,1.25,1.15,1.1,1.17,1.06,1.03,1.19,1.2,1.24,1.21,1.28,1.26,1.21,1.21,1.14,1.15,1.02,1.2,1.12,1.21,1.16,1.22,1.21,1.1,1.22,1.1,1.16,1.1,0.92,0.95,1.05,1.02,1.15,1.09,1.03,1.1,0.83,0.86,0.73,0.88,0.94,0.95,0.97,0.9,0.93,0.96,0.99,0.95,0.95,0.91,0.87,0.94,0.72,0.73,0.82,0.9,0.82,0.93,0.92,0.92,0.91,0.91,0.91,0.85,0.77,0.89,0.93,0.93,0.93,0.93,0.93,0.93,0.92,0.91,0.91,0.83,0.75,0.87,0.9,0.9,0.9
Eurasia,Eurasia Petroleum Production,1,1,million barrels per day,T3B_PAPR_R04,14,13.91,14.03,14.17,14.22,14.28,14.3,14.34,14.1,13.99,14.13,13.91,13.58,14.19,14.48,14.47,14.53,14.52,14.25,14.43,14.43,14.34,14.32,14.28,14.13,14.24,14.17,14.29,14.33,14.35,14.4,14.38,14.31,14.38,14.46,14.62,14.4,14.72,14.77,14.81,14.93,14.83,14.82,14.69,14.35,14.28,14.59,14.59,14.6,14.53,14.55,14.7,14.72,14.74,14.73,14.71,14.76,12.5,12.29,12.34,12.89,12.91,13.05,13.15,13.18,13.35,13.4,13.51,13.66,13.67,13.63,13.7,13.41,13.77,14.16,14.32,14.32,14.39,14.45,14.34,13.18,13.46,13.54,13.79,13.47,13.41,13.55,14.08,14.1,14.07,14.24,13.6,13.14,12.95,13.19,13.2,13.11,13.15,13.21,13.25,13.25,13.26,13.26,13.24,13.24,13.18,13.26,13.27,13.15,13.2,13.27,13.3,13.31
Azerbaijan,Azerbaijan Petroleum Production,1,1,million barrels per day,PAPR_AJ,0.82,0.87,0.86,0.82,0.81,0.85,0.86,0.88,0.86,0.86,0.88,0.88,0.84,0.78,0.83,0.75,0.8,0.81,0.8,0.75,0.8,0.8,0.81,0.81,0.75,0.8,0.81,0.79,0.81,0.82,0.81,0.8,0.79,0.8,0.79,0.78,0.78,0.8,0.79,0.8,0.79,0.8,0.81,0.8,0.76,0.78,0.77,0.78,0.75,0.76,0.72,0.78,0.77,0.77,0.75,0.77,0.77,0.65,0.65,0.65,0.67,0.66,0.68,0.69,0.69,0.76,0.74,0.74,0.7,0.68,0.71,0.72,0.71,0.71,0.71,0.71,0.72,0.7,0.69,0.7,0.7,0.68,0.64,0.66,0.64,0.66,0.67,0.67,0.67,0.65,0.65,0.65,0.65,0.65,0.65,0.64,0.64,0.64,0.65,0.65,0.65,0.65,0.65,0.65,0.65,0.65,0.65,0.65,0.65,0.65,0.66,0.66,0.66
Kazakhstan,Kazakhstan Petroleum Production,1,1,million barrels per day,PAPR_KZ,1.7,1.62,1.64,1.8,1.82,1.76,1.76,1.75,1.62,1.57,1.71,1.7,1.38,1.64,1.79,1.84,1.86,1.84,1.87,1.91,1.88,1.85,1.88,1.9,1.81,1.86,1.83,1.96,1.96,1.95,2,1.98,1.93,1.97,1.97,1.99,1.78,1.92,1.93,2.01,2.06,2.05,2.06,1.98,1.74,1.78,2.05,2.04,1.93,1.9,1.97,2.04,2.05,2.05,2.08,2.04,2.04,1.84,1.7,1.7,1.74,1.69,1.77,1.83,1.83,1.8,1.92,1.88,1.85,1.88,1.85,1.86,1.61,1.69,1.95,2.04,2.04,2.02,2.03,1.98,1.8,1.95,1.57,1.77,1.59,1.51,1.66,2.04,2.05,2.04,2.04,2.05,2.05,1.84,2.05,2.04,1.92,1.97,2.02,2.06,2.06,2.07,2.07,2.05,2.06,2,2.08,2.08,1.96,2.02,2.07,2.11,2.11
Russia,Russia Petroleum Production,1,1,million barrels per day,PAPR_RS,11.05,10.99,11.12,11.14,11.19,11.26,11.26,11.3,11.2,11.16,11.15,10.93,10.97,11.35,11.45,11.46,11.45,11.46,11.18,11.36,11.34,11.28,11.23,11.17,11.17,11.17,11.13,11.13,11.15,11.18,11.18,11.19,11.19,11.2,11.29,11.44,11.44,11.59,11.64,11.6,11.68,11.6,11.56,11.53,11.46,11.34,11.38,11.38,11.53,11.49,11.46,11.48,11.5,11.54,11.52,11.52,11.56,9.63,9.56,9.61,10.1,10.2,10.23,10.25,10.29,10.4,10.35,10.51,10.73,10.72,10.68,10.73,10.7,10.99,11.12,11.18,11.18,11.28,11.33,11.29,10.32,10.47,10.98,11,10.87,10.88,10.86,11.01,10.98,10.96,11.13,10.48,10.03,10.06,10.08,10.11,10.13,10.13,10.13,10.13,10.13,10.13,10.13,10.13,10.13,10.13,10.13,10.13,10.13,10.13,10.13,10.13,10.14
Turkmenistan,Turkmenistan Petroleum Production,1,1,million barrels per day,PAPR_TX,0.28,0.28,0.27,0.27,0.27,0.27,0.27,0.27,0.27,0.25,0.25,0.25,0.25,0.28,0.27,0.27,0.28,0.27,0.27,0.27,0.27,0.27,0.27,0.27,0.27,0.27,0.27,0.27,0.27,0.27,0.27,0.27,0.27,0.27,0.27,0.27,0.27,0.27,0.27,0.27,0.27,0.25,0.25,0.25,0.25,0.25,0.25,0.25,0.25,0.25,0.26,0.26,0.26,0.24,0.24,0.24,0.24,0.24,0.24,0.24,0.24,0.24,0.24,0.24,0.24,0.25,0.25,0.25,0.25,0.25,0.25,0.25,0.25,0.25,0.25,0.25,0.25,0.26,0.26,0.26,0.26,0.26,0.26,0.26,0.26,0.26,0.26,0.26,0.26,0.27,0.27,0.27,0.27,0.27,0.27,0.27,0.27,0.27,0.27,0.27,0.27,0.27,0.27,0.27,0.27,0.27,0.27,0.27,0.27,0.27,0.27,0.27,0.27
Middle East,Middle East Petroleum Production,1,1,million barrels per day,T3B_PAPR_R05,3.14,3.15,3.11,3.18,3.15,3.15,3.18,3.15,3.15,3.16,3.17,3.19,3.18,3.14,3.15,3.14,3.06,3,2.98,3,3.05,3.07,3.05,3.08,3.07,3.06,3.09,3.07,3.01,3.05,3.03,3.1,3.1,3.11,3.12,3.13,3.11,3.11,3.13,3.13,3.12,3.06,3.05,3.03,3.04,3.03,3.04,3.04,3.04,3.05,3.05,3.05,3.04,2.98,3.03,3.16,3.23,2.89,2.97,2.97,3,3.01,3.04,3.04,3.06,3.09,3.09,3.09,3.11,3.12,3.14,3.15,3.16,3.18,3.18,3.19,3.15,3.15,3.26,3.29,3.29,3.27,3.32,3.33,3.34,3.34,3.34,3.25,3.17,3.18,3.19,3.23,3.23,3.23,3.22,3.22,3.22,3.22,3.22,3.22,3.22,3.23,3.23,3.23,3.23,3.23,3.23,3.23,3.22,3.22,3.22,3.22,3.22
Oman,Oman Petroleum Production,1,1,million barrels per day,PAPR_MU,1,1,0.97,1,1.02,1.01,1.02,0.98,1,1.01,1.02,1.02,1.02,1.01,1.02,1.02,1,0.97,0.98,0.98,0.98,0.98,0.98,0.97,0.98,0.98,0.99,0.97,0.99,0.98,0.98,0.98,0.98,0.98,0.98,0.98,0.98,1,1,1.01,1,0.98,0.98,0.98,0.98,0.98,0.98,0.98,0.98,0.98,0.98,0.98,0.98,0.97,0.96,1.09,1.12,0.85,0.9,0.9,0.93,0.93,0.95,0.95,0.95,0.97,0.96,0.96,0.96,0.96,0.97,0.98,0.98,0.99,1,1.01,1.02,1.04,1.05,1.05,1.06,1.06,1.08,1.09,1.1,1.1,1.1,1.07,1.06,1.07,1.05,1.05,1.05,1.05,1.05,1.05,1.05,1.05,1.05,1.05,1.05,1.04,1.04,1.04,1.04,1.04,1.04,1.04,1.04,1.04,1.04,1.04,1.04
Qatar,Qatar Petroleum Production,1,1,million barrels per day,PAPR_QA,1.86,1.87,1.86,1.9,1.85,1.86,1.89,1.89,1.88,1.88,1.88,1.89,1.87,1.83,1.84,1.86,1.84,1.74,1.72,1.74,1.79,1.8,1.79,1.82,1.81,1.79,1.82,1.81,1.82,1.83,1.79,1.81,1.81,1.82,1.83,1.83,1.82,1.8,1.82,1.82,1.83,1.77,1.75,1.77,1.74,1.74,1.74,1.74,1.74,1.74,1.74,1.74,1.74,1.74,1.73,1.74,1.77,1.76,1.78,1.78,1.78,1.78,1.78,1.78,1.79,1.8,1.81,1.81,1.82,1.82,1.83,1.83,1.83,1.83,1.83,1.82,1.84,1.85,1.85,1.86,1.86,1.86,1.86,1.86,1.86,1.86,1.86,1.86,1.86,1.86,1.86,1.86,1.86,1.86,1.86,1.86,1.86,1.86,1.86,1.86,1.86,1.86,1.86,1.86,1.86,1.86,1.86,1.86,1.86,1.86,1.86,1.86,1.86
Asia and Oceania,Asia and Oceania Petroleum Production,1,1,million barrels per day,T3B_PAPR_R07,9.6,9.76,9.63,9.77,9.72,9.64,9.65,9.53,9.42,9.34,9.48,9.4,9.25,9.27,9.21,9.33,9.31,9.24,9.18,9.22,9.13,9.11,9.28,9.17,9.03,9.02,9.07,9.15,9.01,9.2,9.18,9.21,9.08,9.06,9.23,9.03,9.02,9.02,9.15,9.16,9.22,9.25,9.29,9.43,9.32,9.3,9.43,9.2,9.23,9.19,9.3,9.34,9.23,9.32,9.17,9.22,8.97,8.89,9.06,8.98,9.08,8.95,8.97,8.97,8.92,9.21,9.08,9.24,9.14,9.07,9.1,9.04,9.02,9.05,8.92,9.06,8.91,9.16,9.15,9.18,9.15,9.13,9.22,8.83,8.84,8.94,8.92,9.03,9.07,9.2,9.22,9.21,9.2,9.21,9.26,9.18,9.2,9.21,9.22,9.24,9.19,9.17,9.17,9.15,9.14,9.15,9.2,9.12,9.16,9.17,9.18,9.19,9.15
Australia,Australia Petroleum Production,1,1,million barrels per day,PAPR_AS,0.44,0.42,0.4,0.42,0.41,0.38,0.37,0.36,0.35,0.34,0.36,0.39,0.39,0.38,0.37,0.36,0.33,0.32,0.32,0.34,0.32,0.35,0.35,0.36,0.36,0.33,0.34,0.33,0.31,0.35,0.36,0.35,0.34,0.31,0.35,0.35,0.36,0.38,0.4,0.41,0.41,0.4,0.43,0.41,0.46,0.42,0.48,0.49,0.51,0.51,0.55,0.53,0.51,0.47,0.44,0.5,0.51,0.45,0.48,0.46,0.5,0.48,0.48,0.47,0.47,0.46,0.42,0.5,0.47,0.42,0.36,0.46,0.47,0.49,0.48,0.54,0.44,0.44,0.42,0.46,0.46,0.48,0.46,0.34,0.38,0.45,0.43,0.43,0.45,0.43,0.45,0.45,0.44,0.44,0.44,0.44,0.44,0.43,0.43,0.43,0.43,0.42,0.42,0.42,0.41,0.41,0.41,0.41,0.41,0.4,0.4,0.4,0.4
China,China Petroleum Production,1,1,million barrels per day,PAPR_CH,5.1,5.14,5.08,5.12,5.1,5,4.99,4.93,4.88,4.83,4.89,4.8,4.74,4.76,4.65,4.79,4.81,4.76,4.71,4.75,4.77,4.74,4.86,4.74,4.68,4.7,4.7,4.75,4.69,4.75,4.71,4.77,4.76,4.75,4.84,4.7,4.74,4.67,4.76,4.76,4.82,4.84,4.81,4.93,4.86,4.86,4.96,4.87,4.85,4.85,4.84,4.86,4.83,4.93,4.86,4.88,4.81,4.83,4.92,4.85,4.9,4.9,4.84,4.86,4.8,5,4.95,5.03,5,5.02,5.08,4.99,5,5.04,4.96,4.97,4.88,5.21,5.12,5.2,5.17,5.16,5.21,5.06,5.02,5.07,5.09,5.11,5.06,5.22,5.21,5.2,5.21,5.23,5.27,5.2,5.24,5.26,5.28,5.3,5.25,5.22,5.21,5.2,5.21,5.23,5.27,5.2,5.23,5.25,5.27,5.29,5.24
India,India Petroleum Production,1,1,million barrels per day,PAPR_IN,1.01,0.99,1.01,1.01,0.99,0.98,1,0.97,0.97,0.99,0.98,0.99,0.98,0.97,0.98,0.96,1,0.99,1,0.99,0.97,0.98,1,1,0.98,0.98,0.99,0.97,0.98,0.98,1,1.02,1,0.99,0.99,0.97,0.98,0.98,0.98,0.96,0.97,0.97,0.97,0.98,0.97,0.96,0.95,0.96,0.94,0.93,0.96,0.95,0.94,0.93,0.91,0.91,0.85,0.86,0.88,0.9,0.88,0.87,0.87,0.88,0.88,0.89,0.89,0.92,0.92,0.87,0.9,0.91,0.88,0.89,0.88,0.88,0.87,0.88,0.88,0.89,0.87,0.9,0.91,0.88,0.86,0.86,0.85,0.85,0.89,0.9,0.91,0.91,0.9,0.9,0.9,0.9,0.89,0.89,0.89,0.89,0.89,0.91,0.91,0.92,0.91,0.91,0.91,0.91,0.9,0.9,0.9,0.9,0.9
Indonesia,Indonesia Petroleum Production,1,1,million barrels per day,PAPR_ID,0.86,0.87,0.87,0.87,0.87,0.93,0.95,0.96,0.93,0.95,0.95,0.94,0.94,0.94,0.94,0.94,0.92,0.92,0.9,0.91,0.9,0.9,0.89,0.9,0.88,0.88,0.88,0.88,0.89,0.91,0.93,0.92,0.92,0.92,0.92,0.87,0.89,0.94,0.89,0.9,0.91,0.9,0.94,0.93,0.93,0.93,0.93,0.92,0.9,0.9,0.89,0.91,0.91,0.91,0.92,0.92,0.9,0.89,0.9,0.89,0.89,0.84,0.89,0.89,0.88,0.89,0.88,0.88,0.86,0.85,0.85,0.86,0.86,0.84,0.84,0.84,0.85,0.82,0.88,0.81,0.84,0.81,0.85,0.82,0.8,0.8,0.81,0.84,0.84,0.83,0.83,0.82,0.82,0.82,0.82,0.81,0.81,0.81,0.8,0.8,0.8,0.8,0.79,0.79,0.79,0.79,0.79,0.78,0.78,0.78,0.78,0.78,0.78
Malaysia,Malaysia Petroleum Production,1,1,million barrels per day,PAPR_MY,0.66,0.72,0.69,0.74,0.73,0.77,0.77,0.76,0.75,0.74,0.78,0.78,0.73,0.73,0.74,0.76,0.76,0.79,0.79,0.77,0.74,0.72,0.77,0.75,0.72,0.74,0.74,0.79,0.73,0.79,0.78,0.78,0.76,0.75,0.77,0.76,0.7,0.71,0.75,0.75,0.75,0.76,0.76,0.76,0.73,0.74,0.73,0.6,0.65,0.67,0.7,0.74,0.71,0.74,0.72,0.72,0.62,0.6,0.63,0.64,0.63,0.63,0.64,0.64,0.65,0.68,0.66,0.64,0.61,0.63,0.63,0.59,0.56,0.57,0.56,0.6,0.61,0.59,0.64,0.61,0.61,0.58,0.61,0.55,0.59,0.6,0.59,0.62,0.62,0.6,0.6,0.6,0.6,0.59,0.59,0.59,0.59,0.59,0.59,0.58,0.58,0.58,0.58,0.58,0.58,0.57,0.57,0.57,0.57,0.56,0.56,0.56,0.56
Africa,Africa Petroleum Production,1,1,million barrels per day,T3B_PAPR_R06,1.56,1.55,1.54,1.53,1.53,1.5,1.49,1.42,1.46,1.48,1.5,1.5,1.5,1.52,1.52,1.51,1.5,1.55,1.54,1.53,1.53,1.54,1.54,1.55,1.56,1.58,1.58,1.58,1.58,1.52,1.54,1.55,1.57,1.57,1.56,1.57,1.57,1.57,1.56,1.56,1.57,1.56,1.56,1.58,1.57,1.59,1.6,1.59,1.57,1.58,1.56,1.57,1.57,1.56,1.56,1.54,1.51,1.51,1.51,1.5,1.49,1.48,1.47,1.47,1.47,1.48,1.48,1.47,1.48,1.47,1.47,1.42,1.4,1.41,1.41,1.41,1.41,1.4,1.41,1.41,1.41,1.44,1.47,1.45,1.45,1.45,1.45,1.44,1.43,1.43,1.43,1.45,1.44,1.44,1.44,1.43,1.43,1.42,1.42,1.42,1.42,1.39,1.39,1.39,1.38,1.38,1.38,1.38,1.38,1.38,1.38,1.37,1.37
Egypt,Egypt Petroleum Production,1,1,million barrels per day,PAPR_EG,0.73,0.72,0.72,0.71,0.71,0.7,0.69,0.69,0.7,0.7,0.7,0.69,0.68,0.68,0.68,0.67,0.66,0.71,0.7,0.69,0.7,0.71,0.71,0.71,0.72,0.73,0.72,0.72,0.72,0.72,0.73,0.73,0.73,0.74,0.73,0.72,0.73,0.73,0.73,0.73,0.73,0.73,0.73,0.72,0.73,0.72,0.72,0.71,0.71,0.72,0.7,0.71,0.71,0.71,0.71,0.69,0.69,0.69,0.7,0.68,0.68,0.67,0.66,0.66,0.65,0.66,0.66,0.66,0.67,0.67,0.67,0.65,0.65,0.65,0.66,0.66,0.66,0.65,0.65,0.66,0.65,0.69,0.69,0.66,0.67,0.66,0.66,0.67,0.67,0.69,0.69,0.69,0.69,0.69,0.69,0.69,0.69,0.69,0.69,0.69,0.69,0.65,0.66,0.66,0.66,0.66,0.66,0.66,0.66,0.66,0.66,0.66,0.66
South Sudan,Sudan and South Sudan Petroleum Production,1,1,million barrels per day,PAPR_OD,0.15,0.15,0.15,0.15,0.15,0.15,0.15,0.15,0.15,0.16,0.16,0.15,0.15,0.14,0.15,0.17,0.14,0.14,0.16,0.15,0.15,0.15,0.15,0.15,0.15,0.15,0.15,0.15,0.15,0.12,0.14,0.15,0.17,0.16,0.17,0.17,0.17,0.16,0.15,0.15,0.15,0.15,0.15,0.15,0.16,0.16,0.16,0.16,0.16,0.15,0.16,0.16,0.16,0.16,0.15,0.16,0.15,0.16,0.15,0.16,0.17,0.18,0.17,0.17,0.17,0.17,0.16,0.15,0.15,0.16,0.16,0.16,0.15,0.16,0.16,0.16,0.15,0.15,0.16,0.15,0.16,0.15,0.16,0.16,0.16,0.16,0.16,0.15,0.15,0.14,0.14,0.16,0.16,0.16,0.16,0.16,0.16,0.16,0.16,0.16,0.16,0.17,0.17,0.17,0.17,0.17,0.17,0.17,0.17,0.17,0.17,0.17,0.17
 , ,0,0,,,,,,,,,,,,,,,,,,,,,,,,,,,,,,,,,,,,,,,,,,,,,,,,,,,,,,,,,,,,,,,,,,,,,,,,,,,,,,,,,,,,,,,,,,,,,,,,,,,,,,,,,,,,,,,,,,,
Total non-OPEC liquids,Total non-OPEC Liquids Petroleum Production,1,1,million barrels per day,PAPR_NONOPEC,61.31,60.71,61.13,61.37,61.31,60.62,60.31,60.19,59.81,59.47,59.56,60.44,59.55,59.71,60.56,61.27,60.37,60.28,60.38,60.48,60.14,60.62,60.89,61.32,60.8,60.72,61.53,62.26,61.47,61.7,62.1,62.59,62.8,62.92,63.62,64.37,64.67,64.26,65,65.33,65.47,64.43,64.25,64.73,65.01,65.15,65.48,65.39,66.29,66.22,66.65,67.46,67.22,67.21,66.77,66.81,64.18,58.82,60.91,62.13,62.07,62.04,62,62.89,62.63,63.27,60.42,63.55,63.63,64.09,64.11,64.87,64.34,64.16,65.24,65.59,64.88,64.64,64.87,65.73,64.61,65.01,65.34,66.28,65.89,66.12,66.74,67.14,65.91,66.49,67.03,66.93,66.89,67.08,67.58,67.9,67.72,67.53,67.88,68.11,67.81,67.43,67.52,67.59,67.82,68.03,68.37,68.73,68.54,68.42,68.78,69.08,68.92
 , ,0,0,,,,,,,,,,,,,,,,,,,,,,,,,,,,,,,,,,,,,,,,,,,,,,,,,,,,,,,,,,,,,,,,,,,,,,,,,,,,,,,,,,,,,,,,,,,,,,,,,,,,,,,,,,,,,,,,,,,
OPEC non-crude liquids,OPEC non-crude Liquids Petroleum Production,1,1,million barrels per day,OPEC_NC,4.96,5.12,5.09,5.16,5.22,5.25,5.19,5.25,5.36,5.24,5.24,5.32,5.34,5.28,5.38,5.43,5.31,5.42,5.4,5.37,5.39,5.36,5.37,5.33,5.32,5.28,5.27,5.26,5.25,5.26,5.27,5.28,5.31,5.31,5.31,5.3,5.3,5.29,5.29,5.29,5.29,5.34,5.34,5.38,5.39,5.37,5.37,5.37,5.35,5.31,5.27,5.28,5.31,5.13,5.1,5.07,5.1,5.02,5.02,5.03,5.07,5.16,5.14,5.16,5.18,5.29,5.24,5.26,5.37,5.4,5.4,5.43,5.44,5.45,5.46,5.37,5.48,5.62,5.53,5.51,5.43,5.42,5.44,5.48,5.5,5.46,5.45,5.51,5.59,5.55,5.47,5.44,5.36,5.35,5.37,5.4,5.42,5.38,5.37,5.43,5.51,5.59,5.51,5.48,5.4,5.39,5.41,5.44,5.46,5.42,5.41,5.47,5.55
Non-OPEC + OPEC non-crude,Non-OPEC + OPEC non-crude Petroleum Production,1,1,million barrels per day,PAPR_NONOPEC_I_OPECNC,66.27,65.83,66.22,66.53,66.53,65.87,65.5,65.44,65.17,64.71,64.8,65.77,64.89,64.99,65.94,66.7,65.69,65.7,65.77,65.85,65.53,65.98,66.26,66.65,66.13,66.01,66.8,67.53,66.72,66.96,67.38,67.88,68.11,68.22,68.93,69.67,69.97,69.55,70.28,70.62,70.77,69.77,69.6,70.11,70.4,70.53,70.85,70.76,71.64,71.53,71.92,72.74,72.53,72.33,71.87,71.88,69.28,63.84,65.93,67.17,67.14,67.2,67.14,68.05,67.81,68.56,65.66,68.81,69,69.49,69.51,70.3,69.79,69.61,70.7,70.96,70.36,70.26,70.41,71.24,70.04,70.43,70.78,71.76,71.39,71.58,72.19,72.66,71.5,72.04,72.49,72.37,72.25,72.44,72.95,73.29,73.13,72.91,73.25,73.54,73.32,73.02,73.03,73.07,73.22,73.43,73.78,74.17,73.99,73.84,74.19,74.55,74.47
Unplanned non-OPEC Production Outages,Unplanned non-OPEC Production Outages,1,1,million barrels per day,PADI_NONOPEC,0.32,0.5,0.31,0.36,0.35,0.37,0.38,0.39,0.37,1.09,0.79,0.46,0.36,0.44,0.33,0.38,0.34,0.31,0.21,0.38,0.62,0.55,0.47,0.41,0.58,0.5,0.49,0.23,0.52,0.32,0.41,0.43,0.24,0.21,0.27,0.1,0.11,0.21,0.26,0.26,0.38,0.28,0.61,0.26,0.25,0.32,0.26,0.7,0.19,0.35,0.43,0.29,0.27,0.18,0.2,0.17,0.89,0.95,1,0.75,0.92,0.48,0.95,0.44,0.47,0.33,1.26,0.3,0.67,0.45,0.4,0.17,0.83,1.42,0.73,0.7,1.16,1.06,0.42,0.76,1.75,1.44,0.73,0.66,0.9,0.79,0.55,0.46,0.66,0.69,0.43,--,--,--,--,--,--,--,--,--,--,--,--,--,--,--,--,--,--,--,--,--,--